epoch,timestamp,train_loss,val_loss,is_best,acc_spinal_canal,acc_left_foraminal,acc_right_foraminal,avg_severe_f1,severe_f1_spinal_canal,severe_recall_spinal_canal,severe_f1_left_foraminal,severe_recall_left_foraminal,severe_f1_right_foraminal,severe_recall_right_foraminal,macro_auc_spinal_canal,macro_auprc_spinal_canal,macro_auc_left_foraminal,macro_auprc_left_foraminal,macro_auc_right_foraminal,macro_auprc_right_foraminal,overall_macro_auprc,overall_severe_auprc,extra_epoch_seconds,extra_eval_seconds,extra_eval_throughput_samples_per_sec
1,2026-06-03T05:14:26,1.4925203817231314,0.1639018982088053,1,0.874361593462717,0.6307456588355465,0.6707629288274449,0.2832105988376345,0.4434389140271493,0.5833333333333334,0.2535211267605634,0.27692307692307694,0.15267175572519084,0.12987012987012986,0.8733812593139896,0.545157205840227,0.792170650615359,0.47773571147680366,0.8016151488946356,0.48856058416603787,0.5038178338276895,0.2562561491788103,63.53221607208252,7.423571825027466,263.75443602483847
2,2026-06-03T05:15:29,1.4030603646522477,0.1621252947476923,0,0.8692543411644535,0.6067415730337079,0.6492575524833589,0.11458333333333333,0.34375,0.2619047619047619,0.0,0.0,0.0,0.0,0.8828218317196711,0.558709719759914,0.8027405262964176,0.48609607705748087,0.8118969516309097,0.49886800248818536,0.51455793310186,0.26346134339905874,62.35697913169861,7.447465896606445,262.90821967942054
3,2026-06-03T05:16:31,1.363470250758387,0.15877292068895474,0,0.8861082737487231,0.6052093973442288,0.65847414234511,0.15637602558754,0.4397163120567376,0.36904761904761907,0.029411764705882353,0.015384615384615385,0.0,0.0,0.8860401545154382,0.5671579846983633,0.8015599007453833,0.4878791675566107,0.8115169674000496,0.5010818617129016,0.5187063379892919,0.2741183637715518,62.89997410774231,7.44977879524231,262.8265957709305
4,2026-06-03T05:17:34,1.2892778712014357,0.15606090879087806,0,0.8774259448416751,0.63585291113381,0.6728110599078341,0.25243218864763867,0.4578313253012048,0.6785714285714286,0.18181818181818182,0.13846153846153847,0.11764705882352941,0.07792207792207792,0.8860602712208986,0.569972771114399,0.7991973687100309,0.48345069457091466,0.806245220530835,0.4931971634726788,0.5155402097193308,0.2796094318621147,62.37064790725708,7.423715114593506,263.74934514269984
5,2026-06-03T05:18:37,1.2258105668993222,0.15531144164983304,0,0.8529111338100103,0.6511746680286006,0.6646185355862775,0.2413630229419703,0.42105263157894735,0.6666666666666666,0.16842105263157894,0.12307692307692308,0.1346153846153846,0.09090909090909091,0.8830175949913232,0.5669429896102378,0.8023651628189206,0.48780373716538755,0.8100118117037954,0.4995860736232574,0.5181109334662942,0.2767157008863346,62.81540012359619,7.426675081253052,263.64422552193304
6,2026-06-03T05:19:40,1.2084064417474327,0.15905125885801288,0,0.8600612870275791,0.5949948927477018,0.6395289298515104,0.24389931056597725,0.4148148148148148,0.6666666666666666,0.17142857142857143,0.13846153846153847,0.14545454545454545,0.1038961038961039,0.8779671540219853,0.5676725811367095,0.7924050557480314,0.4777252582718505,0.8036022694049372,0.4911216761258246,0.5121731718447948,0.2778043889094964,62.970380544662476,7.483534097671509,261.64108754568633
7,2026-06-03T05:20:43,1.1521599090702477,0.15159488315143252,0,0.8855975485188968,0.6424923391215526,0.6810035842293907,0.23865687726183582,0.5098039215686274,0.6190476190476191,0.11627906976744186,0.07692307692307693,0.0898876404494382,0.05194805194805195,0.8859260396158506,0.573215362567628,0.8014339517297976,0.4854208564441138,0.811413634666086,0.4995731690888536,0.5194031293668652,0.28116880829754415,62.99032211303711,7.472025156021118,262.0440856549046
8,2026-06-03T05:21:46,1.1055269075646288,0.15543650286973162,1,0.8784473953013279,0.6154239019407559,0.6159754224270353,0.2842436974789916,0.47058823529411764,0.6666666666666666,0.2571428571428571,0.27692307692307694,0.125,0.1038961038961039,0.8795231424566125,0.5698853655237365,0.7919437126535032,0.479182368574208,0.7993064207587709,0.4861957129822074,0.5117544823600506,0.2828911428377035,63.04627466201782,7.421189785003662,263.8390954448598
9,2026-06-03T05:22:48,1.0632772767827625,0.15469645239132387,0,0.8835546475995915,0.608273748723187,0.6682027649769585,0.18812990458055268,0.4632768361581921,0.4880952380952381,0.05405405405405406,0.03076923076923077,0.047058823529411764,0.025974025974025976,0.8870581566009865,0.5818480306949798,0.8015368723861226,0.4851922024399105,0.8099018516419938,0.5003649602681574,0.522468397801016,0.28422699842919885,62.768396615982056,7.4202539920806885,263.8723690711514
10,2026-06-03T05:23:51,1.0857530199346088,0.15567823716749746,0,0.8774259448416751,0.5832482124616956,0.6410650281618023,0.22810370359209,0.4824120603015075,0.5714285714285714,0.11494252873563218,0.07692307692307693,0.08695652173913043,0.05194805194805195,0.8860877346446072,0.5755047250676333,0.8005092689699816,0.4841874895957032,0.8089555448021479,0.4952663074396187,0.5183195073676518,0.286206522413,62.63092255592346,7.39693021774292,264.70440336227193
11,2026-06-03T05:24:54,1.018908726317542,0.15119685969685995,0,0.8855975485188968,0.6496424923391215,0.674347158218126,0.2686559932285977,0.48314606741573035,0.5119047619047619,0.18556701030927836,0.13846153846153847,0.13725490196078433,0.09090909090909091,0.8847871246580366,0.5742028039056649,0.8016138427172189,0.4876183499656142,0.8109415115035529,0.4977778228195609,0.5198663255636133,0.28275400587936744,63.01609182357788,7.412212371826172,264.15864815778355
12,2026-06-03T05:25:57,1.0115872922043005,0.15159878766624837,0,0.8779366700715016,0.650153217568948,0.6666666666666666,0.23445287938041562,0.4973544973544973,0.5595238095238095,0.11904761904761904,0.07692307692307693,0.08695652173913043,0.05194805194805195,0.886488743361971,0.5780088262583022,0.8033585908337643,0.4893291132825022,0.8100273091433691,0.497253920039304,0.5215306198600361,0.28543642270136066,62.567134618759155,7.444179534912109,263.02428505616604
13,2026-06-03T05:27:00,1.0108504287188962,0.15066232109662667,0,0.8804902962206334,0.6552604698672114,0.6794674859190988,0.2475598086124402,0.48,0.5714285714285714,0.13636363636363635,0.09230769230769231,0.12631578947368421,0.07792207792207792,0.88515384320119,0.5794202219289422,0.801094220724159,0.4865477140432553,0.8096718910128448,0.4972714600012509,0.5210797986578161,0.2903325091126719,62.92598104476929,7.412266969680786,264.1567023973939
14,2026-06-03T05:28:03,1.0020711936766193,0.15213264375724778,0,0.883043922369765,0.6133810010214504,0.6574500768049155,0.2446640316205534,0.46060606060606063,0.4523809523809524,0.15217391304347827,0.1076923076923077,0.12121212121212122,0.07792207792207792,0.8849785674182918,0.5761452415920582,0.799475293146223,0.4888907095627409,0.8097731114425858,0.49694096141635935,0.5206589708570528,0.28535969978853887,63.26856994628906,7.414275407791138,264.08514552109517
15,2026-06-03T05:29:06,1.0105838418361686,0.152815653111345,1,0.8667007150153218,0.6338100102145046,0.6615463389656938,0.288414615687343,0.43956043956043955,0.7142857142857143,0.27692307692307694,0.27692307692307694,0.1487603305785124,0.11688311688311688,0.8808090794183235,0.5687868935188775,0.7935620273425578,0.48165313546661154,0.8034758250911693,0.4907187849034547,0.5137196046296478,0.29078364284929364,62.98306059837341,7.445101737976074,262.9917050041919
16,2026-06-03T05:30:09,1.0016716332662674,0.14990354080994925,0,0.8820224719101124,0.6521961184882533,0.6810035842293907,0.25277777777777777,0.5,0.5476190476190477,0.13333333333333333,0.09230769230769231,0.125,0.07792207792207792,0.8853490345428852,0.5770250591102811,0.80112053887812,0.4885663991318175,0.8094355010845304,0.4970803556532719,0.5208906046317902,0.28756606010019753,62.75571656227112,7.366081476211548,265.81297075294094
17,2026-06-03T05:31:12,0.9823985595788275,0.15273524849845838,0,0.8748723186925434,0.6118488253319714,0.6538658474142345,0.2523547880690738,0.4807692307692308,0.5952380952380952,0.15384615384615385,0.1076923076923077,0.12244897959183673,0.07792207792207792,0.8835750584863367,0.5746433689000883,0.7982260393484714,0.4854320148227407,0.8082647787258037,0.4951055539582643,0.5183936458936977,0.28780467096885837,62.84407663345337,7.431649446487427,263.4677555903084
18,2026-06-03T05:32:14,0.9842035534835997,0.1508361135399149,0,0.8769152196118488,0.6317671092951992,0.667178699436764,0.2618718926146377,0.4834123222748815,0.6071428571428571,0.16494845360824742,0.12307692307692308,0.13725490196078433,0.09090909090909091,0.8831478704700472,0.5726919217011923,0.7984502743542939,0.48563338115254906,0.8085219298689484,0.4950857389195664,0.5178036805911026,0.2873110467634341,62.617122650146484,7.396990537643433,264.70224478937735
19,2026-06-03T05:33:17,0.9708943515661217,0.15155209713084725,0,0.8779366700715016,0.625638406537283,0.663594470046083,0.26185892307507025,0.4880382775119617,0.6071428571428571,0.16161616161616163,0.12307692307692308,0.13592233009708737,0.09090909090909091,0.8832949162277887,0.5736463287468884,0.7975888295286949,0.48451854136844186,0.807212171939644,0.49378244037759345,0.5173157701643079,0.28763305964718827,63.225560426712036,7.445558786392212,262.9755611598307
20,2026-06-03T05:34:21,0.9559824027475856,0.1509806090685469,0,0.8779366700715016,0.6307456588355465,0.6651305683563749,0.2629696870724321,0.4880382775119617,0.6071428571428571,0.16494845360824742,0.12307692307692308,0.13592233009708737,0.09090909090909091,0.8833254421195514,0.5733574917724202,0.7983281782099952,0.48523521859960944,0.807756586489913,0.49441848664719834,0.5176703990064093,0.2875603353749153,63.185715675354004,7.430793046951294,263.4981202717425
